ins_code,l18,l30
17617474823279712,آ س پ,آ.س.پ
59612098290740355,آباد,توریستی ورفاهی آبادگران ایران
37661500521100963,آبادا,تولید نیروی برق آبادان
40912525017440979,آبنوس,صندوق س.سهامی سهام نگر کیمیا-س
9987529074833218,آبین,کشت و صنعت آبشیرین
22839330962768817,آتیمس,صندوق س.آرمان آتیه درخشان مس-س
47492157735162813,آتیه ملت,صندوق س آتیه ملت-ثابت
43358402418932595,آذرین,صندوق س.بخشی فلزات کیمیا-ب
14230681955555738,آرام,صندوق س شاخصی آرام مفید
7104496710718469,آرامش,صندوق سرمایه گذاری آرامش-ثابت
9956888831468521,آردینه,نشاسته و گلوکز آردینه
38738476064699383,آرمان,بیمه آرمان
41024100982486985,آرمانح,ح.بیمه آرمان
8603978909726038,آرمانی,ص.س.جسورانه فناوری آرمانی
55127657985997520,آریا,پلیمر آریا ساسول
31987503418964901,آریان,سرمایه گذاری پارس آریان
68485420419566883,آریانح,ح.سرمایه گذاری پارس آریان
66682662312253625,آساس,صندوق س.آسمان آرمانی سهام-س
36592972482259020,آسام,صندوق س.آرمان سپهر آتی-م
24869832924911721,آسامید,صندوق س.مشترک آسمان امید -د
51106317433079213,آسیا,بیمه آسیا
11301273980316268,آشناتک,ص.س.ج.آشناتک ایرانیان
37073830945037165,آفاق,صندوق س نوع دوم افق آتی-ثابت
37028614515926436,آفرین,صندوق س رشدآفرین سرمایه-مختلط
19828734979381742,آلا,صندوق س.اعتماد ارغوان-د
28374437855144739,آلتون,صندوق س.پشتوانه طلاآسمان آلتون
18007109712724189,آوا,صندوق س.سهام آوای معیار-س
17232252152159494,آواپارس,بیمه اتکایی آوای پارس
31039212000825988,آوند,صندوق س. آوند مفید-د
55254206302462116,آپ,آسان پرداخت پرشین
490987973229371,آکام,صندوق س. نوع دوم آکام-د
30282299500988269,آکورد,صندوق س. آرمان آتی کوثر-د
33887145736684266,آگاس,صندوق س.هستی بخش آگاه-س
17933573078185644,آینده,بازرگانی آینده سازان بهشت پارس
6328167131743522,اتوآگاه,صندوق س صنایع آگاه2-بخشی
68644622102682218,اتکاسا,بیمه اتکایی سامان
27405735172634593,اتکام,بیمه اتکایی امین
53295835881618508,اتکامح,ح . بیمه اتکایی امین
39751275523025334,اتکای,بیمه اتکایی ایرانیان
22811176775480091,اخابر,مخابرات ایران
35331248532537562,اردستان,سیمان اردستان
43443105991896600,ارزش,صندوق س ارزش آفرین بیدار-سهام
71945594172117613,ارزش مسکن,ص.س.املاک ومستغلات ارزش مسکن
40364148586207685,ارغوان,صندوق س.جسورانه ارغوان30%تادیه
59266699437480384,ارفع,شرکت آهن و فولاد ارفع
56661108161921677,ارفعح,ح.شرکت آهن و فولاد ارفع
31366347648583654,ارمغان,ص سرمایه گذاری ارمغان ایرانیان
12629673694762396,ارکیده,صندوق سرمایه گذاری ارکیده-ثابت
4395741730355818,استارز,ص.ج.ستاره برتر20%تادیه
22259718159702272,استقلال,استقلال
24907784641855842,استیل,صندوق س صنایع مفید1- بخشی
14079693677610396,اسیاتک,انتقال داده های آسیاتک
8021561335311415,اصیل,صندوق س. مشترک البرز-د
11427939669935844,اطلس,صندوق س.توسعه اطلس مفید-س
35163287528816137,اعتبار,صندوق س. نوع دوم اعتبار-د
36773155987365094,اعتلا,شرکت سرمایه گذاری اعتلاء البرز
2135047529277416,اعتلاح,ح سرمایه گذاری اعتلاء البرز
66818022341772870,اعتماد,صندوق س.اعتماد آفرین پارسیان-د
52792903131341205,افرا,افرانت
3846143218462419,افران,صندوق س افرا نماد پایدار-ثابت
49502666250908008,افق,فروشگاههای زنجیره ای افق کوروش
15451317146134956,افق ملت,صندوق س در سهام افق ملت
71124661158524264,افق نگر,ص.س جسورانه افق نگر20%تادیه
70270965300262393,البرز,بیمه البرز
12231544096052404,البرزح,ح.بیمه البرز
28788598290160782,الماس,صندوق س.امین تدبیرگران فردا-س
18599703143458101,امید,تامین سرمایه امید
45104299259467366,امیدح,ح . تامین سرمایه امید
58873907630765023,امین,تامین سرمایه امین
70814244102598215,امین شهر,ص.س. املاک و مستغلات امین شهر
45728383369147894,امین یکم,صندوق درآمد ثابت امین یکم فردا
22218966388689725,امینح,ح . تامین سرمایه امین
30215634246748564,انار,صندوق س.انارنماد ارزش-درسهام
10236455588057352,انتخاب,گروه انتخاب الکترونیک آرمان
49641108336531623,انرژی,بورس انرژی ایران
17914401175772326,اهرم,صندوق س سهامی کاریزما- اهرمی
69847139870135237,اوان,مبین وان کیش
62575434414985179,اوج,صندوق س.اوج دماوند-س
57761388729898548,اوصتا,صندوق اندیشه ورزان صباتامین -د
23498719713662118,اونیکس,ص.س.درآمد ثابت کیمیا-د
655060129740445,اپال,فرآوری معدنی اپال کانی پارس
63830424809501048,اپرداز,آتیه داده پرداز
49869693814643443,اکالا,کارگزاران بورس کالای ایران
40374861063260484,اکتان,صندوق س صنایع مفید4-بخشی
33677077231841786,اکسیر,ص.خ.اکسیر زیست پارسیان35%تادیه
50094941173290382,اکسیژن,صندوق س. سهامی اکسیژن-س
26882843763780650,باران,بیمه زندگی باران
47777734205855571,بارانح,ح. بیمه زندگی باران
61483657213051835,بازبیمه,صندوق س.بخشی بازده صنایع-ب
34856765062083074,بازده,صندوق س. بازده ثابت-د
47797676603278665,بازرگام,پست پیشگامان بادپا
8646067353086740,بالاس,مهندسی ساختمان تاسیسات راه آهن
62952165421099192,بالبر,کابل‌ البرز
23891830829322971,بایکا,کارخانجات کابلسازی ‌ایران‌
46752599569017089,بترانس,ایران‌ ترانسفو
47563321799863211,بتهران,بیمه اتکایی تهران رواک50%تادیه
54369290104873523,بتک,کارخانجات کابل سازی‌ تک‌
33629260529503413,بجهرم,توسعه مولد نیروگاهی جهرم
5599691633622269,بخاور,بیمه زندگی خاورمیانه
37222720235819361,بذر,صندوق س بذر امید آفرین-سهام
4216536645718658,برلیان,صندوق سرمایه گذاری برلیان-سهام
34557241988629814,برکت,گروه دارویی برکت
8981227815720204,برکتح,ح . گروه دارویی برکت
29882244560576007,بزاگرس,نیروگاه زاگرس کوثر
35116791907608909,بزاگرسح,ح . نیروگاه زاگرس کوثر
23320741230037790,بزندگی,بیمه زندگی آگاه
41625340598198551,بساما,بیمه سامان
47377315952751604,بسویچ,پارس‌سویچ‌
69454539056549106,بشهاب,لامپ‌  پارس‌ شهاب‌
46178280540110577,بفجر,فجر انرژی خلیج فارس
10741091548027385,بفجرح,ح . فجر انرژی خلیج فارس
52551569846042389,بمان,صندوق س.بازده مانا-د
22086876724551482,بموتو,موتوژن‌
1931037287459558,بموتوح,ح . موتوژن‌
48261930411425125,بمولد,مولد نیروگاهی تجارت فارس
39807886630843041,بمپنا,تولید برق عسلویه  مپنا
16553062355259729,بمیلا,توسعه سرمایه گذاری میلاد پارس
54493234408301135,بنو,بیمه تجارت نو
47711486462334897,بنوح,ح . بیمه تجارت نو
20453828618330936,بنیرو,نیروترانس‌
61792732570093263,بهامرز,بیمه زندگی هامرز50%تادیه
12746730665870442,بهپاک,صنعتی بهپاک
60289595205403229,بهیر,س. توسعه تجارت هیرمند
42799209630949274,بهین رو,صندوق س بهین خودرو-بخشی
60523145697836739,بورس,بورس اوراق بهادار تهران
50247622569476338,بوعلی,پتروشیمی بوعلی سینا
51971068201094874,بپاس,بیمه پاسارگاد
48780480822364410,بپردیس,بیمه پردیس 50% تادیه
64619251116188373,بپیوند,برق و انرژی پیوندگستر پارس
70219663893822560,بکاب,صنایع‌جوشکاب‌یزد
62107151670661969,بکابل,سیم و کابل ابهر
22382156782768756,بکام,کارخانجات تولیدی شهید قندی
65266756318187150,بکامح,ح.کارخانجات تولیدی شهید قندی
7628308021169118,بکهنوج,تولید برق ماهتاب کهنوج
71068313834275501,بگیلان,توسعه مسیر برق گیلان
44604318643489231,بیدار,صندوق س سهامی بیدار-اهرمی
47973532381204870,بیوتیک,آنتی بیوتیک سازی ایران
51459202425114449,تابا,تابان نیرو سپاهان
9089296888187061,تابش,صندوق س.پشتوانه طلا تابان تمدن
35543935713999309,تاتمس,کارخانجات صنعتی وتولیدی اتمسفر
24651394045981418,تاراز,صندوق س آوای تاراز زاگرس-سهام
23293437377896568,تاصیکو,سرمایه گذاری صدرتامین
35150770536114195,تاصیکوح,ح . سرمایه گذاری صدرتامین
50002340308486819,تاپکیش,تجارت الکترونیک پارسیان کیش
22560050433388046,تاپیکو,س. نفت و گاز و پتروشیمی تأمین
6491687805743913,تاپیکوح,ح . س.نفت وگازوپتروشیمی تأمین
19298748452450329,تایرا,تراکتورسازی‌ایران‌
53204330224889981,تبرک,گروه کارخانجات صنعتی تبرک
1301069819790264,تجلی,تجلی توسعه معادن و فلزات
13205142633737582,تجلیح,ح.تجلی توسعه معادن و فلزات
30507739597192201,تخت گاز,صندوق س.بخشی صنایع معیار-ب
39453972158399542,تداوم,صندوق تداوم اطمینان تمدن-ثابت
42705920381780437,ترمه,صندوق سرمایه گذاری ترمه-سهام	
50264175787486822,ترنج ثابت,ص.س.درآمد ثابت ترنج سودمند-د
66127247173352975,تشتاد,صنایع تولیدی اشتاد ایران‌
53419976284977130,تصمیم,صندوق س با درآمد ثابت تصمیم
22276798221643766,تفارس,تامین سرمایه خلیج فارس
10465655034123314,تفارسح,ح . تامین سرمایه خلیج فارس
45062188442385800,تفیرو,مهندسی فیروزا
41781090739318251,تلیسه,دامداری تلیسه نمونه
60162288821230099,تماوند,تامین سرمایه دماوند
9546211590069761,تماوندح,ح. تامین سرمایه دماوند
22427604495160869,تمحرکه,ماشین سازی نیرو محرکه
53145304508578701,تمشک,صندوق س تمشک نماد رشد-در صندوق
11129387075131725,تملت,تامین سرمایه بانک ملت
33666678504801754,تملتح,ح . تامین سرمایه بانک ملت
25357135030606405,تنوین,تامین سرمایه نوین
379466056274101,تنوینح,ح . تامین سرمایه نوین
41927452991671109,توان,صندوق س. اهرمی توان مفید-س
37389789764168256,توریل,توکاریل
66315581735594751,توسن,توسعه سامانه ی نرم افزاری نگین
56871139881800017,توسکا,صندوق س توسعه فولاد- ثابت
3839324986781871,تپسی,پیشگامان فن آوری و دانش آرامیس
43062880954780884,تپمپی,پمپ‌ سازی‌ ایران‌
22308305646551497,تپولا,مهندسی مرآت پولاد
54509759694064219,تپکو,تولیدتجهیزات‌سنگین‌هپکو
52932092555708556,تکاردان,تامین سرمایه کاردان
67612261115225625,تکالا,تولیدکنندگان بورس کالای ایران
62258804563636993,تکشا,گسترش‌صنایع‌وخدمات‌کشاورزی‌
66191028275418950,تکشاح,ح . صنایع‌وخدمات‌کشاورزی‌
30719054967088301,تکمبا,کمباین‌ سازی‌ ایران‌
52455922800537930,تکنار,مجتمع معادن مس تکنار
3654864906585643,تکنو,تکنوتار
21727652065573865,تکنوح,ح . تکنوتار
1825060609227181,تکپاد,صندوق س. مشترک آریان-س
66643284949247248,تکیمیا,تامین سرمایه کیمیا
16578517055478811,تیام,صندوق س.سهامی تیام-س
29758477602878557,تیپیکو,سرمایه گذاری دارویی تامین
43472427638799679,تیپیکوح,ح . سرمایه گذاری دارویی تامین
44558786393585356,ثابت اکسیژن,ص.س.درآمد ثابت اکسیژن-د
17800036702302776,ثاخت,بین‌المللی‌توسعه‌ساختمان
7503669593172728,ثاصفا,شرکت‌ ساختمان‌ اصفهان‌
16693610252404739,ثالوند,سرمایه گذاری مسکن الوند
66456062140680461,ثامان,سامان‌ گستراصفهان‌
18568733593280948,ثامید,توسعه و عمران امید
40650252484299134,ثاژن,سخت آژند
26780282166315918,ثبات,صندوق س. ثبات ویستا -د
68909035712962732,ثباغ,شهر سازی و خانه سازی باغمیشه
14744445176220774,ثبهساز,بهساز کاشانه تهران
20926459161497908,ثتران,سرمایه گذاری مسکن تهران
2786094660320231,ثترانح,ح سرمایه گذاری مسکن تهران
47702059190622416,ثتوسا,س.توسعه و عمران استان اردبیل
40004508916605949,ثتوساح,ح.س.توسعه و عمران استان اردبیل
60887982279284651,ثجنوب,سرمایه گذاری مسکن جنوب
30507152381699953,ثجوان,تامین مسکن جوانان
27812005859539773,ثروت,ص.خ.ثروت آفرین فیروزه
23609214278467198,ثروت ساز,صندوق س ثروت ساز دیبا-سهام
71672399601682259,ثروتم,صندوق س. ثروت آفرین پارسیان-س
18883380772506226,ثرود,سرمایه‌گذاری مسکن زاینده رود
28854105556435129,ثزاگرس,سرمایه گذاری توسعه عمران زاگرس
63481599728522324,ثشاهد,سرمایه‌ گذاری‌ شاهد
6043384171800349,ثشرق,سرمایه گذاری مسکن شمال شرق
64707090254488560,ثعتما,س. ساختمانی اعتماد گستر
15726796686853780,ثعمرا,عمران و توسعه شاهد
17939384202383793,ثغرب,شرکت سرمایه گذاری مسکن شمالغرب
30852391633490755,ثفارس,عمران‌وتوسعه‌فارس‌
12965822877128721,ثقزوی,شرکت عمران و سازندگی قزوین
3863538898378476,ثمسکن,سرمایه‌گذاری‌ مسکن‌
66721204145017523,ثمین,صندوق س. ثروت افزون ثمین-س
32112121249636248,ثنا,صندوق س.زرین نهال ثنا-س
831325835570803,ثنام,س ساختمانی ب نام آوران مهندسی
45066064863062755,ثنظام,س. ساختمانی نظام مهندسی ایران
63315013743060811,ثنور,سرمایه گذاری کوه نور
32845891587040106,ثنوسا,نوسازی‌وساختمان‌تهران‌
38713440086361985,ثهام,صندوق س ثروت هامرز-سهام
53999651992586159,ثپردیس,سرمایه گذاری مسکن پردیس
49531112577387255,جاودان,صندوق س جاویدان سهام مانی-سهام
32357363984168442,جم,پتروشیمی جم
27096851668435724,جم پیلن,پتروشیمی جم پیلن
39154317701922264,جمح,ح . پتروشیمی جم
49674915481184052,جهرم,پتروشیمی جهرم
1771069330721898,جهرمح,ح.پتروشیمی جهرم
7681671915916933,جهش,صندوق سهامی جهش فارابی-اهرمی
38544104313215500,جواهر,صندوق س.پشتوانه طلا دنای زاگرس
23269285154135003,جوین,کشت و صنعت جوین
44625249840480397,حآسا,آسیا سیر ارس
50426013665901691,حآساح,ح.آسیا سیر ارس
21432551703060846,حآفرین,ریل پرداز نو آفرین
56798822689379375,حاریا,کشتیرانی آریا
63704201144621295,حبندر,دریایی و کشتیرانی خط دریابندر
58000772709340489,حبندرح,ح.دریایی وکشتیرانی خط دریابندر
3722699128879020,حتاید,تایدواترخاورمیانه
22260326095996531,حتوکا,حمل‌ونقل‌توکا
42892937789646488,حتوکاح,ح . حمل‌ونقل‌توکا
28253678449273505,حخزر,کشتیرانی دریای خزر
22542452157560209,حخزرح,ح.کشتیرانی دریای خزر
30443839313522574,حرهشا,رهشاد سپاهان (سهامی عام
5564768007356822,حریل,ریل پردازسیر
13281937213456378,حسیر,ریل سیر کوثر
1625149423498289,حسینا,توسعه خدمات دریایی وبندری سینا
50587892784913370,حشکوه,دلیجان طلایی شکوه پارس
35424116338766901,حفارس,حمل و نقل بین المللی خلیج فارس
28809886765682162,حفاری,حفاری شمال
917857106093847,حپارسا,توسعه حمل و نقل ریلی پارسیان
16369313804633525,حپترو,حمل و نقل پتروشیمی( سهامی عام
4885314541377431,حپرتو,پرتو بار فرابر خلیج فارس
60610861509165508,حکشتی,کشتیرانی جمهوری اسلامی ایران
14364842601603807,حکشتیح,ح . کشتیرانی ج. ا. ا
53334304751609770,حگردش,ریل گردش ایرانیان
47756003257788498,حگهر,حمل و نقل گهرترابر سیرجان
18865325633315847,خاتم,صندوق س خاتم ایساتیس پویا-ثابت
42075223783409640,خاذین,سایپاآذین‌
7483280423474368,خاهن,آهنگری‌ تراکتورسازی‌ ایران‌
29716513021318095,خاهنح,ح . آهنگری تراکتورسازی‌ ایران‌
49270349234092953,خاور,ایران خودرو دیزل
23657236334749347,خاورح,ح . ایران خودرو دیزل
19310456400689867,خبازرس,بازرسی مهندسی و صنعتی ایران
27639047710974505,خبرگان,صندوق س اندیشه خبرگان-سهام
37089148943784077,خبنیان,بنیان دیزل
26824673819862694,خبهمن,گروه‌بهمن‌
22903901709044823,ختراک,ریخته‌گری‌ تراکتورسازی‌ ایران‌
41858326436945277,ختراکح,ح . ریخته‌گری‌ تراکتورسازی‌
50185721305191887,ختور,رادیاتور ایران‌
2262715289665960,ختورح,ح . رادیاتور ایران‌
70289374539527245,ختوقا,قطعات‌ اتومبیل‌ ایران‌
38084304113529336,خدیزل,بهمن  دیزل
43552974795606067,خراسان,پتروشیمی خراسان
12752224677923341,خریخت,صنایع‌ریخته‌گری‌ایران‌
12041217376571987,خریختح,ح . صنایع‌ریخته‌گری‌ایران‌
45895339414786358,خرینگ,رینگ‌سازی‌مشهد
2589887561569709,خزامیا,زامیاد
65190029034514887,خزانه ملت,صندوق س.مختص اوراق دولتی ملت-د
32821908911812078,خزر,فنرسازی‌زر
44891482026867833,خساپا,سایپا
63915926161403347,خشرق,الکتریک‌ خودرو شرق‌
2318736941376687,خصدرا,صنعتی‌ دریایی‌ ایران‌
6433335428452486,خعمرا,توسعه و عمران شهرستان نائین
20911641259091017,خعمراح,ح. توسعه و عمران شهرستان نائین
58180284328186631,خفناور,مهندسی صنعتی روان فن آور
28033133021443774,خفنر,فنرسازی‌خاور
23049019886587905,خفولا,خدمات فنی فولاد یزد
14957056743925737,خلنت,لنت‌ ترمزایران‌
50117925085549635,خلیبل,مالیبل سایپا
26458514535443899,خلیج,صندوق س.گنجینه مینوخلیج فارس-س
39436183727126211,خمحرکه,نیرو محرکه‌
7457232989848872,خمحور,تولیدمحورخودرو
17330546482145553,خمهر,مهرکام‌پارس‌
50722377181482963,خمهرح,ح . مهرکام‌پارس‌
57273529732791251,خموتور,موتورسازان‌تراکتورسازی‌ایران‌
62221150547292335,خموتورح,ح . موتورسازان‌تراکتورسازی‌
17834623106317041,خنصیر,مهندسی‌نصیرماشین‌
33716211077781594,خنور,نورایستا پلاستیک
67261627618765635,خودران,صندوق س صنایع مفید2-بخشی
65883838195688438,خودرو,ایران‌ خودرو
22956708386610464,خودکفا,اقتصادی و خودکفایی آزادگان
4523009251964699,خورشید,صندوق س. طلوع تدبیر پایا-د
31879190587976736,خوساز,محورسازان‌ایران‌خودرو
55376739611383226,خوشه,ص.س.صندوق در صندوق خوشه گندم
25211433301660888,خپارس,پارس خودرو
4758266259250794,خپویش,سازه‌ پویش‌
33783140337377394,خچرخش,چرخشگر
59217041815333317,خکار,ایرکا پارت صنعت
64842837716888827,خکاوه,سایپا دیزل
58482817740704549,خکرمان,سرمایه گذاری آرمان گستر پاریز
19257295292088310,خکمک,کمک‌فنرایندامین‌
48990026850202503,خگستر,گسترش‌سرمایه‌گذاری‌ایران‌خودرو
61332057061846617,دابور,داروسازی‌ ابوریحان‌
32679348534913643,دابورح,ح . داروسازی‌ ابوریحان‌
68863997659126807,داتام,گروه مالی داتام
56548703678285738,داتامح,ح. گروه مالی داتام
62012736978844991,دارا,صندوق س. دارا الگوریتم-د
62235397452612911,دارا یکم,صندوق واسطه گری مالی یکم-سهام
27299841173245405,داراب,پتروشیمی داراب
46528981755590638,دارابح,ح.پتروشیمی داراب
67988012428906654,دارو,کارخانجات‌داروپخش‌
2501017203331667,داروح,ح . کارخانجات‌داروپخش
58789178087946067,داریوش,صندوق س. ثروت داریوش -س
71076372178147339,داریک,صندوق س.اعتماد داریک-د
12387472624849835,داسوه,داروسازی‌ اسوه‌
60451823714332895,دالبر,البرزدارو
3362850293262749,دالبرح,ح . البرزدارو
43009306066217458,دامون,ص.س. درآمد ثابت آسمان دامون-د
50100062518826135,دامین,داروسازی‌ امین‌
48511238766369097,دانا,بیمه دانا
67717913151786055,دانیک,ص.س.املاک ومستغلات نیک رای
5305844922895340,داوه,داروسازی آوه سینا
71510396252618330,دبالک,مواد اولیه دارویی البرز بالک
11372565594192822,دبالکح,ح.مواد اولیه دارویی البرز بالک
34641719089573667,دتماد,تولیدمواداولیه‌داروپخش‌
18154205800023055,دتمادح,ح . تولیدمواداولیه‌داروپخش‌
14985138705106402,دتهران‌,داروسازی‌ تهران‌ دارو
66726992874614788,دتوزیع,توزیع دارو پخش
71980027636215726,دتوزیعح,ح . توزیع دارو پخش
18093681647131179,دتولید,داروسازی تولید دارو
9925324137489171,دتولیدح,ح. داروسازی تولید دارو
33406621820337161,دجابر,داروسازی‌ جابرابن‌حیان‌
43374709930371268,دحاوی,الحاوی
66450490505950110,ددام,داروسازی زاگرس فارمد پارس
69540585676934415,ددانا,داروسازی دانا
22255783119783047,درازک,دارویی‌ رازک‌
38007943162762758,درازکح,ح . دارویی‌ رازک‌
16567465928886309,درازی,پخش رازی
34581754264880199,درسا,صندوق سرمایه گذاری درسا - سهام
13243992182070788,درهآور,دارویی ره آورد تامین
59235923797304333,درهآورح,ح . دارویی ره آورد تامین
40262275031537922,دروز,داروسازی‌ روزدارو
11285885633824855,دریا,صندوق س دریای آبی فیروزه-سهام
21077182490095731,درین,صندوق س. درین بها بازار-د
8915450910866216,دزهراوی,داروسازی‌زهراوی‌
48879205486884942,دزهراویح,ح . ‌داروسازی‌زهراوی‌
47348197320716810,دسانکو,داروسازی سبحان انکولوژی
24082902657114448,دسانکوح,ح . داروسازی سبحان انکولوژی
43622578471330344,دسبحا,گروه دارویی سبحان
5866848234665627,دسبحان,سبحان دارو
36667862403660976,دسبحانح,ح. سبحان دارو
11432067920374603,دسینا,داروسازی‌ سینا
63084741752814852,دشیری,شیرین دارو
33603212156438463,دشیمی,شیمی‌ داروئی‌ داروپخش‌
16630588761222078,دشیمیح,ح . شیمی‌ داروئی‌ داروپخش‌
49054891736433700,دعبید,لابراتوارداروسازی‌  دکترعبیدی‌
56550776668133562,دفارا,داروسازی‌ فارابی‌
38285971158073841,دفاراح,ح . داروسازی‌ فارابی‌
18303237082155264,دفرا,فرآورده‌های‌ تزریقی‌ ایران‌
46801030346547943,دقاضی,داروسازی شهید قاضی
21173014653958212,دقاضیح,ح . داروسازی شهید قاضی
4384288570322406,دلر,داروسازی‌ اکسیر
42538255636473499,دلرح,ح . داروسازی‌ اکسیر
29247915161590165,دلقما,دارویی‌ لقمان‌
66142616039907394,دماوند,تولید نیروی برق دماوند
15374483986949695,دهدشت,صنایع پتروشیمی دهدشت
70474983732269112,دپارس,پارس‌ دارو
22026498789176614,دپارسح,ح . پارس‌ دارو
23353689102956991,دکوثر,داروسازی‌ کوثر
52382684379473036,دکپسول,تولید ژلاتین کپسول ایران
15224214406952218,دکپسولح,ح .تولید ژلاتین کپسول ایران
20024911381434086,دکیمی,کیمیدارو
66416853783916493,دی,بانک دی
70698996132397388,دیبا,صندوق س بازده پایه صبا-ثابت
69090868458637360,دیران,ایران‌دارو
25752723009842207,دیرانح,ح . ‌ایران‌دارو
26547362091465395,دیوان,صندوق خصوصی دیوان ارزش35%تادیه
71483646978964608,ذوب,ذوب آهن اصفهان
33527290777160784,رابین,صندوق س. توسعه افق رابین-د
68941822863885255,رافزا,رایان هم افزا
40210715138931726,رافزاح,ح. رایان هم افزا
40505767672724777,رانفور,خدمات‌انفورماتیک‌
66105959479616770,رایکا,صندوق س نوع دوم رایکا- ثابت	
41048299027409941,رتاپ,تجارت الکترونیک  پارسیان
49613772749166261,رتاپح,ح.تجارت الکترونیک پارسیان
49854144784855542,رتکو,کنترل ‌خوردگی ‌تکین ‌کوی
63886404454477678,رخش,صندوق س.سهامی ثروت البرز-س
8961366473557410,رسانا,صندوق س.بخشی گستره فیروزه-ب
48287767791629523,رشد,صندوق س.رشد پایدار آبان-د
4170494561477386,رشدی کیان,صندوق س آوای سهام کیان-سهام
33410001534682920,رفاه,فروشگاه های زنجیره ای رفاه
22002589755112021,رماس,صندوق س.راهبرد ممتازابن سینا-س
67126881188552864,رمپنا,گروه مپنا (سهامی عام)
33854964748757477,رنیک,جنرال مکانیک
15124889255100138,رویش,ص.س.جسورانه رویش لوتوس
53059909885484371,رویین,صندوق س.بخشی صنایع سورنا-ب
27952969918967492,رکیش,کارت اعتباری ایران کیش
21500060221654011,رکیشح,ح. کارت اعتباری ایران کیش
6478064539164167,ریشمک,تولید و صادرات ریشمک
13235547361447092,زاگرس,پتروشیمی زاگرس
54482686501491508,زبینا,کشاورزی و دامپروری بینالود
25180702353416009,زدشت,کشت و صنعت دشت خرم دره
33254899395816171,زر,صندوق س.پشتوانه طلای زرافشان
33144542989832366,زرفام,صندوق س.پشتوانه طلا زرفام آشنا
50139638026536387,زرین,صندوق س. سهام زرین کوروش-س
26547785441834730,زشریف,کشت وصنعت شریف آباد
26259366519412975,زشگزا,شیر و گوشت زاگرس شهرکرد
36844527173896115,زفجر,کشاورزی و دامپروری فجر اصفهان
5427792638736934,زفکا,کشت و دامداری فکا
66862855436943996,زفکاح,ح . کشت و دامداری فکا
71290297158948749,زقیام,کشت و دام قیام اصفهان
4507558419857064,زماهان,مجتمع تولید گوشت مرغ ماهان
14916489896692147,زملارد,کشاورزی و دامپروری ملارد شیر
57789973477176391,زملاردح,ح.کشاورزی و دامپروری ملارد شیر
5054819322815158,زمگسا,کشاورزی‌ ودامپروی‌ مگسال‌
12303918642491681,زنجان,صنایع کشاورزی وکود زنجان
11385948838337592,زنجانح,ح. صنایع کشاورزی وکود زنجان
67170215467608124,زنگان,صنعت روی زنگان
33420285433308219,زپارس,ملی کشت و صنعت و دامپروری پارس
7300125658580126,زکشت,کشاورزی مکانیزه اصفهان کشت
42599305106713939,زکوثر,سرمایه گذاری کشاورزی کوثر
10024128313803797,زگلدشت,کشت و دام گلدشت نمونه اصفهان
58844198664910839,زگلدشتح,ح.کشت و دام گلدشت نمونه اصفهان
28551661889797217,زیتون,صندوق س زیتون نماد پایا- مختلط
70883594945615893,سآبیک,سیمان آبیک
62708526880913292,ساحل,ص.ساحل سرمایه امن خلیج فارس-د
64155926828410021,ساذری,آذریت‌
43341623113615869,ساذریح,ح . آذریت‌
4563413583000719,ساراب,سیمان‌ داراب‌
34890845654517313,ساربیل,سیمان آرتا اردبیل
25417476013479486,ساروج,بین المللی ساروج بوشهر
15949743338644220,ساروم,سیمان‌ارومیه‌
14983273215576895,سارومح,ح . سیمان‌ارومیه‌
55308018877404137,سام,صندوق س.درآمد ثابت سام-د
22312990497291517,سامان,بانک سامان
71591568822900804,سامانح,ح. بانک سامان
32347247706508046,ساوه,سیمان ساوه
62558705479545830,سایرا,ایرانیت‌
64298008532791199,ساینا,صنایع بهداشتی ساینا
24807173016704795,سباقر,سیمان باقران
66295665969375744,سبجنو,سیمان‌ بجنورد
611986653700161,سبزوا,سیمان لار سبزوار
32525655729432562,سبهان,سیمان‌ بهبهان‌
30829203706095076,ستران,سیمان‌ تهران‌
28328083629154916,سجام,مجتمع سیمان غرب آسیا
18982971907252877,سجامح,ح.مجتمع سیمان غرب آسیا
51200575796028449,سحرخیز,صندوق س. گروه زعفران سحرخیز
4470657233334072,سخاش,سیمان‌خاش‌
15467183288337240,سخاشح,ح . سیمان‌خاش‌
67327029014085707,سخزر,سیمان‌ خزر
59598536122397373,سخند,صندوق س.سپهرخبرگان نفت-د
55959112038778737,سخواف,سیمان مجد خواف
41974758296041288,سخوز,سیمان خوزستان
64341992373049080,سدبیر,س. تدبیرگران فارس وخوزستان
27000326841257664,سدشت,صنایع سیمان دشتستان
27218386411183410,سدور,سیمان‌ دورود
64942549055019553,سرو,صندوق س سروسودمند مدبران-سهام
11964419322927535,سرود,سیمان‌شاهرود
35948133957468680,سرچشمه,سرمایه گذاری مس سرچشمه
26997316501080743,سشرق,سیمان‌ شرق‌
6757220448540984,سشمال,سیمان‌ شمال‌
10568944722570445,سصفها,سیمان‌اصفهان‌
13227300125161435,سصوفی,سیمان‌ صوفیان‌
21096748051392414,سغدیر,توسعه سرمایه و صنعت غدیر
52220424531578944,سغرب,سیمان‌غرب‌
41227201752535311,سفار,سیمان‌فارس‌
15521712617204216,سفارس,سیمان فارس و خوزستان
4686607974846832,سفارود,کارخانه فارسیت درود
34721884030854211,سفاسی,شرکت فارسیت اهواز
4528607775462304,سفانو,سیمان فارس نو
60654872678917533,سقاین,سیمان‌ قائن‌
61664227282090067,سلار,شرکت سیمان لارستان
70541934393301867,سلام,صندوق س سلام فارابی-سهام
51390991364277477,سلیم,سرمایه گذاری سلیم
33808206014018431,سمازن,سیمان‌مازندران‌
40473515538481093,سمان,صندوق س ثروت پویا-بخشی
43913530989262989,سمایه,بانک سرمایه
58035444268544991,سمتاز,سیمان ممتازان کرمان
46741025610365786,سمگا,گروه سرمایه گذاری میراث فرهنگی
36995197800118822,سنوین,سرمایه گذاری اقتصاد نوین
14231831499205396,سنیر,سیمان‌ سفید نی‌ریز
53536131398384570,سنیرح,ح . سیمان‌ سفیدنی‌ریز
29747059672582491,سهرمز,سیمان‌هرمزگان‌
41284516796232939,سهگمت,سیمان‌هگمتان‌
71856634742001725,سپ,پرداخت الکترونیک سامان کیش
35669480110084448,سپاها,سیمان‌سپاهان‌
67223870501587101,سپح,ح . پرداخت الکترونیک سامان کیش
17226661368470120,سپر,صندوق س سپر سرمایه بیدار- ثابت
27668158733246204,سپرمی,پرمیت‌
471543293603227,سپهر,ص.ج. سپهریکم 60% تادیه
45519261544951819,سپید,سپید ماکیان
29590002988360984,سپیدار,سپیدار سیستم آسیا
2161110547458064,سپیدما,صندوق س. سپید دماوند-د
3927545069816217,سپینود,صندوق س.سهامی سپینود-س
15930821245168534,سکارون,سیمان کارون
65321970913593427,سکرد,سیمان کردستان
15472396110662150,سکرما,سیمان‌ کرمان‌
7431626988889223,سکه مرکزی,سلف تمام سکه 001 مرکزی
10171945867136336,سیتا,سرمایه گذاری سیمان تامین
38731447675523625,سیتاح,ح.سرمایه گذاری سیمان تامین
37281199178613855,سیدکو,سرمایه گذاری توسعه صنایع سیمان
47749661205825616,سیستم,همکاران سیستم
14617104402836487,سیلام,سیمان‌ ایلام‌
46918165794045813,سیمانا,صندوق س صنایع دایا2-بخشی
62069100905581368,سیمانو,صندوق س صنایع مفید3- بخشی
66219723709595228,سیمانیا,صندوق س.بخشی صنایع داریا-ب
28450080638096732,سیمرغ,سیمرغ
31913287805282551,سیناد,صندوق س.سپهرسودمند سینا-د
7711282667602555,شاراک,پتروشیمی شازند
3407806799514469,شاروم,پتروشیمی ارومیه
16959429956899455,شاملا,معدنی‌ املاح‌  ایران‌
14153483684603257,شاملاح,ح . معدنی‌ املاح‌  ایران‌
60247433951600827,شاوان,پالایش نفت لاوان
48753732042176709,شبریز,پالایش نفت تبریز
7632696113249142,شبریزح,ح. پالایش نفت تبریز
68517032834363488,شبصیر,تولیدات پتروشیمی قائد بصیر
35366681030756042,شبندر,پالایش نفت بندرعباس
22667016906590506,شبهرن,نفت‌ بهران‌
64216772923447100,شتاب,صندوق س سهامی شتاب آگاه-اهرمی
51617145873056483,شتران,پالایش نفت تهران
31049085025064185,شتهران,داروسازی تهران شیمی
66210395067138534,شتولی,تولی‌پرس‌
38555056423456635,شتوکا,توکا رنگ فولاد سپاهان
28393053173456669,شتوکاح,ح . توکا رنگ فولاد سپاهان
6116572045021585,شجم,صنایع پتروشیمی تخت جمشید
17200458201581900,شجمح,ح. صنایع پتروشیمی تخت جمشید
70934270174405743,شخارک,پتروشیمی‌ خارک‌
40611478183231802,شدوص,دوده‌ صنعتی‌ پارس‌
32775115857585121,شدوصح,ح . دوده‌ صنعتی‌ پارس‌
14031158866706953,شراز,پالایش نفت شیراز
44013656953678055,شرانل,نفت ایرانول
57157873359416943,شرنگی,شیمیایی رنگین
65490886290565185,شزنگ,تجهیزنیروی‌زنگان‌
15282093177363578,شساخت,مهندسی و ساختمان صنایع نفت
57005100184766878,شساختح,ح . مهندسی و ساختمان صنایع نفت
2400322364771558,شستا,سرمایه گذاری تامین اجتماعی
3173544097113770,شستان,پتروشیمی شهید رئیسی گلستان
59800986739603675,شسم,تولید سموم‌ علف‌ کش
49188729526980541,شسپا,نفت سپاهان
30974710508383145,شسینا,صنایع‌شیمیایی‌سینا
204092872752957,شصدف,صنعتی دوده فام
67491163253346186,شصدفح,ح . صنعتی دوده فام
18346219759153870,شصفها,پتروشیمی‌ اصفهان‌
21772258644715569,شغدیر,پتروشیمی غدیر
36899214178084525,شفا,سرمایه گذاری شفادارو
16673205196919832,شفارا,پتروشیمی فارابی
49163985123560149,شفاراح,ح . پتروشیمی فارابی
43781018754867729,شفارس,صنایع‌ شیمیایی‌ فارس‌
11427387039523955,شفام,تولیدی و صنعتی گوهرفام
65122215875355555,شفن,پتروشیمی فناوران
55622199783443721,شفنح,ح . پتروشیمی فناوران
56429431740318486,شلرد,کود شیمیایی اوره لردگان
39116664428676213,شلعاب,لعابیران‌
66183408418816482,شلعابح,ح . لعابیران‌
26025177574491991,شلیا,شرکت مواد ویژه لیا
55862580907068610,شملی,ملی شیمی کشاورز
28251956446987982,شمواد,تولید مواداولیه الیاف مصنوعی
64659064562132185,شمیم,صندوق س.درآمدثابت شمیم تابان-د
14073782708315535,شنفت,نفت‌ پارس‌
9098178887955847,شهر,گروه مالی شهر
3493306453706327,شوینده,مدیریت صنعت شوینده ت.ص.بهشهر
61102694810476197,شپارس,بین‌ المللی‌ محصولات‌  پارس‌
9171279728707865,شپارسح,ح . بین‌ المللی‌محصولات پارس‌
35178706978554988,شپاس,نفت پاسارگاد
11622051128546106,شپاکسا,پاکسان‌
71957984642204570,شپترو,پتروشیمی آبادان
65472108074101196,شپتروح,ح . پتروشیمی آبادان
20562694899904339,شپدیس,پتروشیمی پردیس
28845264556937486,شپلی,پلی اکریل ایران
7745894403636165,شپنا,پالایش نفت اصفهان
69446612239102459,شکام,صنایع شیمیایی کیمیاگران امروز
56574323121551263,شکبیر,پتروشیمی امیرکبیر
27308217070238237,شکربن,کربن‌ ایران‌
58602432837130018,شکف,کف
62177651435283872,شکلر,نیروکلر
1050751214677134,شگامرن,مجتمع پترو صنعت گامرون
24696953498398744,شگستر,گسترش سوخت سبززاگرس(سهامی عام)
44153164692325703,شگل,گلتاش‌
46167643644457680,شگلح,ح . گلتاش‌
5987841496184505,شگویا,پتروشیمی تندگویان
38568786927478796,شیراز,پتروشیمی‌شیراز
35796086458096255,شیران,س. صنایع‌شیمیایی‌ایران
45205530868811305,صایند,صندوق س. گنجینه آینده روشن-د
33938004134399485,صبا,گروه مالی صبا تامین
64463015242763957,صباح,ح . گروه مالی صبا تامین
51285326016186930,صدف,صندوق س صدف سهام-سهام
47125023640770480,صنم,ص.س.صندوق در صندوق صنم
52846735736632974,صنهال,صندوق س. نهال ایرانیان-ثابت
68203878405672734,صنوین,صندوق سرمایه‌گذاری صنوین-مختلط
38356837895042988,ضمان,صندوق تضمین ا.سرمایه کاریزما-م
46700660505281786,طلا,صندوق س.پشتوانه طلای لوتوس
19060410060488876,طلوع,صندوق س.طلوع نوین ثابت-د
34213522001938649,عالیس,بهار رز عالیس چناران
1185549032856396,عبهمن,سلف خودرووانت کارا تک کابین
20395250619225219,عسیرجان,سلف موازی کلوخه سنگ آهن سیرجان
71665335194832281,عشادگان,سلف آهن اسفنجی فولاد شادگان
45452221088910484,عقیق,صندوق سرمایه گذاری عقیق-سهام
11410725390226728,عمیلگرد,سلف میلگرد آتیه خاورمیانه
4391382035434050,عپلی جم,سلف پلی اتیلن سنگین تزریقی
34144395039913458,عیار,صندوق طلای عیار مفید
35158826900216508,غاذر,کشت‌وصنعت‌پیاذر
24303422207378456,غالبر,لبنیات‌ کالبر
42387718866026650,غبشهر,صنعتی‌ بهشهر
71666521540545716,غبهار,کشت وصنعت بهاران گلبهار خراسان
17059960254855208,غبهنوش,بهنوش‌ ایران‌
2254054929817435,غدام,خوراک‌  دام‌ پارس‌
8234855558996646,غدانه,پنبه و دانه های روغنی خراسان
2434703913394836,غدشت,دشت‌ مرغاب‌
3492952121304423,غدیس,پاکدیس
4369934250728330,غزر,صنعتی زر ماکارون
28672095850798501,غسالم,سالمین‌
59921975187856916,غشاذر,پگاه‌آذربایجان‌غربی‌
31791737198597563,غشان,شیرپاستوریزه‌پگاه‌خراسان‌
61506294208022391,غشصفا,شیرپاستوریزه‌پگاه‌اصفهان‌
20487994977117557,غشهد,شهد ایران ‌
33611155027418901,غشهداب,کشت و صنعت شهداب ناب خراسان
51294484197536070,غشوکو,شوکو پارس
5289443384174453,غشوکوح,ح . شوکو پارس
71758511001096824,غصینو,صنعتی مینو
16410724132711490,غفارس,شیر پاستوریزه پگاه فارس
21501758781665781,غمارگ,مارگارین
59461185672081215,غمایه,شرکت خمیرمایه رضوی
6131290133202745,غمهرا,تولیدی‌مهرام‌
63552922113415543,غمهراح,ح . تولیدی‌مهرام‌
5516102131364383,غمینو,شرکت صنایع غذایی مینو شرق
8444217089800070,غمینوح,ح . شرکت صنایع غذایی مینو شرق
42470251469508137,غناب,روغن‌ نباتی‌ ناب
48619517949257749,غنوش,نوش‌ مازندران‌
21426277483799140,غنیلی,مجتمع تولیدی نیلی صنعت کرمان
25018856872742529,غنیلیح,ح.مجتمع تولیدی نیلی صنعت کرمان
37842793167868642,غویتا,ویتانا
10677799813511467,غویتاح,ح . ویتانا
45518744711972166,غپآذر,شیر پگاه آذربایجان شرقی
34032872653290886,غپاک,لبنیات‌ پاک‌
61978776664766359,غپونه,نوش پونه مشهد
18401147983387689,غپینو,پارس‌ مینو
44850033148208596,غچین,کشت‌ و صنعت‌ چین‌ چین
62404730109947970,غکورش,صنعت غذایی کورش
31024260997481994,غگرجی,بیسکویت‌  گرجی‌
57551382352708199,غگز,صنایع غذایی سکه
48711738663090812,غگزح,ح . گز سکه
22299894048845903,غگل,گلوکوزان‌
64843936383937546,غگلستا,شیر پاستوریزه پگاه گلستان
14312030900097668,غگلپا,شیر پاستوریزه پگاه گلپایگان
57300230097485720,غگیلا,شیرپاستوریزه پگاه گیلان
50652985928800943,غیوان,کیوان
56344907495802692,فاخر,صندوق س.ثروت افزون فاخر-د
38547060135156069,فاذر,صنایع‌ آذرآب‌
20865316761157979,فاراک,ماشین‌ سازی‌ اراک‌
67073295895957349,فاراکح,ح . ماشین‌ سازی‌ اراک‌
25244329144808274,فارس,صنایع پتروشیمی خلیج فارس
40422084765096890,فارما کیان,صندوق س. بخشی کیان-ب
66701874099226162,فاسمین,کالسیمین‌
66021783818850713,فافزا,فولاد افزا سپاهان
22424135367941584,فافق,صنایع مس افق کرمان
71571639927013317,فالوم,آلومتک
34673681828119297,فاما,صنعتی‌ آما
44296315953738727,فاهواز,نورد و لوله اهواز
65004959184388996,فایرا,آلومینیوم‌ایران‌
66772024744156373,فباهنر,مس‌ شهیدباهنر
38101196401916411,فباهنرح,ح . مس‌ شهیدباهنر
4159532151694984,فبستم,صنایع ‌بسته‌بندی‌ مشهد
49399017998386087,فبیرا,بسته‌ بندی‌ ایران‌
23628442955387175,فبیراح,ح.بسته‌ بندی‌ ایران‌
55373808401388162,فتوسا,تولید و توسعه سرب روی ایرانیان
30765727085936322,فجام,جام‌دارو
41302553376174581,فجر,فولاد امیرکبیرکاشان
45507655586782998,فجهان,مجتمع جهان فولاد سیرجان
8790413783522890,فجهانح,ح. مجتمع جهان فولاد سیرجان
64485827086284311,فجوش,جوش‌ و اکسیژن‌ ایران‌
4733285133017464,فخاس,فولاد خراسان
5550649038347558,فخاسح,ح . فولاد خراسان
28864540805361867,فخوز,فولاد  خوزستان
408934423224097,فرآور,فرآوری‌موادمعدنی‌ایران‌
58741071099161284,فرابورس,فرابورس ایران
13666407494621646,فراز,صندوق س.سهام فراز داریک-س
65249046611427924,فردا,صندوق س آوای فردای زاگرس-ثابت
8602793697394313,فرصت,صندوق س فرصت آفرین سرمایه-سهام
51017863148152520,فرود,فولاد شاهرود
54419429862704331,فروس,فروسیلیس‌ ایران‌
44846320603450383,فروسیل,فروسیلیسیم خمین
69817338460284329,فروژ,صنایع فروآلیاژ ایران
29974853866926823,فروی,ذوب روی اصفهان
8175784894140974,فزر,پویا زرکان آق دره
43716452378323683,فزرین,زرین معدن آسیا
318005355896147,فسا,پتروشیمی فسا
14306042760194272,فساح,ح. پتروشیمی فسا
12874072841236826,فسازان,غلتک سازان سپاهان
22494526379345092,فسازانح,ح . غلتک سازان سپاهان
37284308569715577,فسبزوار,پارس فولاد سبزوار
20966291817819448,فسدید,لوله‌وتجهیزات‌ سدید - ورشکسته
54277068923045214,فسرب,ملی‌ سرب‌وروی‌ ایران‌
56375665074210467,فسوژ,سوژمیران
8977441217024425,فسپا,گروه‌صنعتی‌سپاهان‌
23557166059925779,فصبا,صبا فولاد خلیج فارس
65428095587909727,فصباح,ح . صبا فولاد خلیج فارس
28147934478934110,فغدیر,آهن و فولاد غدیر ایرانیان
26352122361745211,فغدیرح,ح.آهن و فولاد غدیر ایرانیان
60633055620418060,فلات,گروه صنایع معادن فلات ایرانیان
25286509736208688,فلامی,لامیران‌
43664630566988630,فلزفارابی,صندوق س.بخشی فلز فارابی-ب
48623320733330408,فلوله,لوله‌وماشین‌سازی‌ایران‌
35445515321658835,فماک,ماداکتو استیل کرد
18004480270695404,فمراد,آلومراد
35425587644337450,فملی,ملی‌ صنایع‌ مس‌ ایران‌
55201604487356053,فن آوا,گروه فن آوا
61129444668227241,فن آواح,ح.گروه فن آوا
69171897374421261,فن افزار,توسعه فن افزار توسن
3329167699100936,فنابا,ص.س.ج. فناوری بازنشستگی
27276541005386425,فنر,پارس فنر
63965059137798192,فنرژی,گسترش صنایع انرژی آذرآب
59342912854668427,فنفت,صنایع تجهیزات نفت
15868116507376197,فنفتح,ح . صنایع تجهیزات نفت
57875847776839336,فنوال,نورد آلومینیوم‌
56324206651661881,فنورد,نوردوقطعات‌ فولادی‌
46348559193224090,فولاد,فولاد مبارکه اصفهان
40808043719554948,فولاژ,فولاد آلیاژی ایران
53249498382937694,فولاژح,ح.فولاد آلیاژی ایران
14800142337291217,فولای,صنایع فولاد آلیاژی یزد
66514709341259550,فوکا,فولاد کاویان
68488673556087148,فپنتا,سپنتا
70309338813767186,فکمند,گسترش قطعه سازی کمند
38294891095078093,فکمندح,ح. گسترش قطعه سازی کمند
8725363201030474,فگستر,گسترش صنایع روی ایرانیان
7502817477690380,فگسترح,ح . گسترش صنایع روی ایرانیان
10795723506538053,فیروزا,صندوق ارمغان فیروزه آسیا-ثابت
66036975502302203,فیروزه,صندوق شاخص30 شرکت فیروزه- سهام
10831074117626896,قاروم,قند ارومیه
34540569618314880,قاسم,قاسم ایران
35515916857426389,قتربت,قند تربت حیدریه
44967158778304588,قثابت,قند ثابت‌ خراسان‌
28230238564334914,قجام,فرآوردههای غذایی وقندتربت‌جام‌
21420579611076234,قجامح,ح.فرآورده غذایی وقندتربت‌جام
39610074039667804,قرن,پدیده شیمی قرن
32669817266382439,قرنح,ح . پدیده شیمی قرن
15259343650667588,قزوین,کارخانجات‌ قند قزوین‌
36671655475498480,قشرین,قند شیرین خراسان
4548649177325855,قشرینح,ح . قند شیرین خراسان
37631109616997982,قشهد,شهد
35964395659427029,قشکر,شکرشاهرود
71523986304961239,قشیر,قند شیروان قوچان و بجنورد
40411537531154482,قصفها,قنداصفهان‌
56820995669577571,قلرست,قند لرستان‌
43342306308122676,قمرو,قند مرودشت‌
3050342257199174,قنقش,قند نقش جهان
63380098535169030,قنیشا,قند  نیشابور
55205982891279789,قنیشاح,ح . قند نیشابور
14398278072324784,قهکمت,قندهکمتان‌
67030488744129337,قپیرا,فرآورده‌های‌غدایی‌وقندپیرانشهر
23600798892801694,قچار,فراوردههای غذایی وقند چهارمحال
4267564158935326,قیستو,شرکت قند بیستون
66974398910717440,قیستوح,ح . شرکت قند بیستون
63363116407864462,لابسا,آبسال‌
50368344235826302,لازما,کارخانه های صنعتی آزمایش
31569200988534548,لبخند,صندوق س. لبخند فارابی-د
30650426998863332,لبوتان,گروه‌صنعتی‌بوتان‌
56006915451245411,لخانه,لوازم‌ خانگی‌ پارس‌
64124003812404302,لخانهح,ح.لوازم‌ خانگی‌ پارس‌
65414507129586385,لخزر,پارس‌ خزر
55897939403232751,لسرما,سرما آفرین‌
16422980660132735,لطیف,محصولات کاغذی لطیف
59142194115401696,لوتوس,تامین سرمایه لوتوس پارسیان
43455612336353491,لوتوسح,ح . تامین سرمایه لوتوس پارسیان
5187018329202415,لپارس,پارس‌ الکتریک‌
3388451018224720,لپارسح,ح . پارس‌ الکتریک‌
793710053482057,لپیام,گسترش صنایع پیام
45641540066710190,لکما,کارخانجات‌مخابراتی‌ایران‌
29860265627578401,ما,بیمه  ما
15917865009187760,مادیرا,صنایع مادیران
45114894022818184,مادیراح,ح صنایع مادیران
53449700212786324,مارون,پتروشیمی مارون
37118058361762279,مالک آتیه,ص.س.املاک و مستغلات مالک آتیه
32941062994509455,مانا,صندوق س.مانا الگوریتم-سهام
61265100181977543,مانی,صندوق س. با درآمد ثابت مانی
10458396610199724,ماهور,صندوق سرمایه گذاری ماهور-ثابت
27922860956133067,مبین,مبین انرژی خلیج فارس
19973823563902014,مبینح,ح. مبین انرژی خلیج فارس
70515583859928047,متال,صندوق س صنایع دایا1-بخشی
32469128621155736,مثقال,صندوق س.پشتوانه طلای زرین آگاه
65999092673039059,مداران,داده‌پردازی‌ایران‌
65576885779918210,مدیر,ص.س.مدیریت ثروت ص.بازنشستگی-س
12490072956930435,مدیریت,س. و خدمات مدیریت صند. ب کشوری
25020657188512139,مرقام,ایران ارقام
31248540252187559,مروارید,صندوق س. مروارید بها بازار-س
50580753680043015,معیار ,سرمایه گذاری معیار صنعت پارس
24620582002578362,معیارح,ح.سرمایه گذاری معیار صنعت پارس
24253947487334809,معین,بیمه ایران - معین
4247709727327181,مفاخر,توسعه فناوری اطلاعات خوارزمی
13611044044646901,ملت,بیمه ملت
7505990056227818,ممسنی,پتروشیمی ممسنی
67141987086032267,موج,ص.س.اهرمی موج فیروزه-س
33441514568901717,میدکو,توسعه معادن وص.معدنی خاورمیانه
18733719742989734,میدکوح,ح.توسعه م وص.معدنی خاورمیانه
31654995197566745,میعا0412پ1د,گواهی سپرده میعانات گازی
26543014712914772,میهن,بیمه میهن
30582275818828857,ناب,صندوق س.پشتوانه طلا نهایت نگر
35831329532779850,نارنج اهرم,ص.س. اهرمی نارنج-س
30430907997908005,نارین,صندوق س ارزش آفرین فولاد-سهام
10411249540376641,ناما,تولیدی مخازن گازطبیعی آسیاناما
10843114830116591,نبروج,نساجی بروجرد
60095061789823130,نبورس,نهادهای مالی بورس اوراق بهادار
22950683624908253,نتوس,پشم‌ بافی‌ توس
46878429508891351,نخریس,نخریسی و نساجی خسروی خراسان
27797446447955609,نخل,صندوق س.خلیج فارس-د
49129081625829210,نشار,کارخانجات پشمبافی افشار یزد
1241998328504490,نشان,صندوق س. نشان هامرز-د
64699417405634265,نطرین,عطرین نخ قم
19625873773955978,نفتگ0412پ1د,گواهی سپرده نفت خام سنگین
4626686276232042,نفیس,صندوق س.پشتوانه طلای صبا
30231789123900526,نمرینو,ایران‌ مرینوس‌
2855515398698068,نمرینوح,ح . ایران‌ مرینوس‌
12913156843322499,نهال,صندوق س. طلای سرخ نوویرا
63888998422355039,نوآور,ص.اعتبارسرمایه نوآفرین
19040514831923530,نوری,پتروشیمی نوری
59866041653103343,نوین,بیمه نوین
10145129193828624,نگین,ص.س. زمین و ساختمان نگین شهرری
20652241232631918,نیان,نیان الکترونیک
39481233087768672,نیرو,نیرو سرمایه
64758051860621791,نیروح,ح.نیرو سرمایه
31188566503248753,نیلی,صندوق س. نوع دوم نیلی دماوند-د
30977409629493496,نیک گستر,صندوق س توسعه سرمایه نیکی-ثابت
50503654866742146,هامرز,صندوق س اعتماد هامرز-ثابت
63514093298304639,هامون,صندوق س. سهام ثروت هامون-س
43362635835198978,های وب,داده گسترعصرنوین-های وب
5317427172344706,هجرت,پخش هجرت
52675650218385169,هجرتح,ح . پخش هجرت
70498485598181604,هرمز,فولاد هرمزگان جنوب
47041908051542008,هم وزن,صندوق س. شاخصی کیان-س
15494954332657697,همای,صندوق س همای آگاه-ثابت
68635710163497089,همراه,شرکت ارتباطات سیار ایران
49681831162536304,همگام,صندوق س. درآمد ثابت همگام-د
9375107506435996,هوشیار,صندوق س.هوش تصمیم -س
8912965520056581,هومان,صندوق س. سهامی ثروت هومان-س
62845384302495432,هیوا,صندوق س. ثروت هیوا-س
17269972595370241,وآتوس,توسعه س. کشاورزی آرین توسکا
56130915871324783,وآتوسح,ح .توسعه س. کشاورزی آرین توسکا
1358190916156744,وآذر,سرمایه‌گذاری‌توسعه‌آذربایجان‌
24212636157410845,وآرین,شرکت توسعه اقتصادی آرین
45991797190214892,وآفر,سرمایه گذاری ارزش آفرینان
589599697502308,وآفری,بیمه کارآفرین
22490169030401337,وآوا,سرمایه گذاری آوا نوین
46830341954511303,وآیند,بانک  آینده
33541897671561960,واتی,سرمایه‌ گذاری‌ آتیه‌ دماوند
53647874954005806,واحصا,احیاء صنایع خراسان
17284166795866794,واحیا,م .صنایع و معادن احیاء سپاهان
53686258677793038,وارس,سرمایه گذاری ارس صبا
47841327496247362,واعتبار,سرمایه گذاری اعتبار ایران
57944184894703821,والبر,سرمایه‌ گذاری‌ البرز(هلدینگ‌
38188825207508209,والبرح,ح . سرمایه گذاری‌البرز(هلدینگ‌
36282416082320053,والماس,س. الماس حکمت ایرانیان
52232388263291380,وامید,گروه مدیریت سرمایه گذاری امید
36293785932444419,وامیدح,ح.گروه مدیریت سرمایه گذار امید
67213778593531096,وامیر,گروه صنعتی و معدنی امیر
4373573287489723,وامین,سرمایه گذاری امین مهرگان
9141577977527107,وایرا,سرمایه گذاری صنایع ایران
3149396562827132,وایران,لیزینگ ایرانیان
41286608288791633,وبازار,صندوق س شاخصی بازارآشنا
48010225447410247,وبانک,سرمایه گذاری گروه توسعه ملی
61298636307861167,وبرق,س.کارکنان صنعت برق زنجان وقزوی
13937270451301973,وبشهر,توسعه‌ صنایع‌ بهشهر(هلدینگ
62275280734625819,وبشهرح,ح . صنایع‌ بهشهر(هلدینگ
28320293733348826,وبصادر,بانک صادرات ایران
64716022759621618,وبصادرح,ح. بانک صادرات ایران
778253364357513,وبملت,بانک ملت
18063426072758458,وبهمن,سرمایه‌گذاری‌بهمن‌
28328710198554144,وبوعلی,سرمایه‌گذاری‌بوعلی‌
11773403764702778,وبیمه,سرمایه‌ گذاری‌ صنعت‌ بیمه‌
59735609117437896,وبیمهح,ح . سرمایه‌ گذاری‌ صنعت‌ بیمه‌
63917421733088077,وتجارت,بانک تجارت
5920901446678689,وتعاون,بیمه تعاون
15092520257063028,وتعاونح,ح . بیمه تعاون
68117765376081366,وتوس,توسعه‌شهری‌توس‌گستر
17528249960294496,وتوسم,سرمایه‌گذاری‌توسعه‌ملی‌
48457557221009333,وتوسکا,سرمایه گذاری توسعه توکا
18873298877346976,وتوسکاح,ح.سرمایه گذاری توسعه توکا
54676885047867737,وتوشه,سرمایه‌ گذاری‌ پارس‌ توشه‌
2944500421562364,وتوصا,گروه س توسعه صنعتی ایران
47232550823972469,وتوکا,سرمایه‌گذاری‌توکافولاد(هلدینگ
25387056990464790,وتوکاح,ح . ‌توکافولاد(هلدینگ‌
40043919653526083,وثخوز,سرمایه گذاری و توسعه خوزستان
44986797317463049,وثنو,سرمایه گذاری ساختمانی نوین
53373305024733919,وثنوح,ح. سرمایه گذاری ساختمانی نوین
59839275647597021,وثوق,سرمایه گذاری وثوق امین
57600064931636077,وجامی,سرمایه گذاری جامی
55557065724040483,وجامیح,ح . سرمایه گذاری جامی
5128151910501174,وحافظ,بیمه حافظ
45736528102248622,وحافظح,ح . بیمه حافظ
12777578088653944,وحکمت,بیمه حکمت صبا
7395271748414592,وخارزم,سرمایه گذاری خوارزمی
27729386420118206,وخارزمح,ح.سرمایه گذاری خوارزمی
47333458678352378,وخاور,بانک خاورمیانه
66424163876658304,ودانا,سرمایه گذاری دانایان
43966385447049549,ودی,بیمه  دی
60079434631497942,ورازی,بیمه رازی
20236748310756911,ورفاه,بانک رفاه کارگران
7385624172574740,ورنا,سرمایه‌گذاری‌ رنا(هلدینگ‌
19954896371640204,وزمین,بانک ایران زمین
25514780181345713,وساخت,سرمایه‌ گذاری‌ ساختمان‌ایران‌
7768327419174840,وساربیل,شرکت س استان اردبیل
65774725600261203,وساشرقی,شرکت س استان آذربایجان شرقی
35282121039020302,وساغربی,شرکت س استان آذربایجان غربی
23175320865252772,وسالت,بانک قرض الحسنه رسالت
37614886280396031,وساپا,سرمایه‌گذاری‌ سایپا
43283802997035462,وسبحان,سرمایه گذاری سبحان
44411078630612905,وسبوشهر,شرکت س استان بوشهر
10191122735393627,وسخراج,شرکت س استان خراسان جنوبی
47362853625306007,وسخراش,شرکت س استان خراسان شمالی
5454781314262062,وسخوز,شرکت س استان خوزستان
41713045190742691,وسدید,گروه ‌صنعتی‌سدید
51185499879934793,وسرضوی,س.سهام عدالت استان خراسان رضوی
43291783149314349,وسرمد,بیمه  سرمد
65826018889855636,وسرمدح,ح. بیمه سرمد
36857080203588624,وسزنجان,شرکت س استان زنجان
11827297444577200,وسصفا,شرکت س استان اصفهان
71335098849021006,وسفارس,شرکت س استان فارس
55850912428859273,وسقم,شرکت س استان قم
58358543014279572,وسلرستا,شرکت س استان لرستان
11358107932902023,وسمازن,س.سهام عدالت استان مازندران
19511179561056679,وسمرکز,شرکت س استان مرکزی
24662567615903665,وسنا,سرمایه گذاری نیروگاهی ایران
37868548258173059,وسناح,ح. سرمایه گذاری نیروگاهی ایران
46820237871803554,وسهرمز,شرکت س استان هرمزگان
22318795784160675,وسهمدا,شرکت س استان همدان
2328862017676109,وسپه,سرمایه‌گذاری‌ سپه‌
54287510798838485,وسپهح,ح . سرمایه‌گذاری‌ سپه‌
114312662654155,وسپهر,سرمایه گذاری مالی سپهرصادرات
60094778616664092,وسپهرح,ح.سرمایه گذاری مالی سپهرصادرات
11258722998911897,وسکاب,س.ص.بازنشستگی کارکنان بانکها
37351190176977060,وسکرد,شرکت س استان کردستان
59462881877083131,وسکرشا,س.سهام عدالت استان کرمانشاه
64217006537761390,وسکرمان,س.سهام عدالت استان کرمان
68870496728320072,وسکهبو,س.عدالت ا. کهگیلویه وبویراحمد
1277592884769853,وسگلستا,شرکت س استان گلستان
55916539620839777,وسگیلا,شرکت س استان گیلان
63570910379296908,وسیزد,شرکت س استان یزد
16370154440238855,وسیستا,شرکت س استان سیستان وبلوچستان
59652306881376415,وسیلام,شرکت س استان ایلام
56591881518499520,وسین,بیمه سینا
45050389997905274,وسینا,بانک سینا
9761381741308262,وشمال,س. چشم انداز توسعه شمال
41379697187196382,وشهر,بانک شهر
62113086389760694,وشهرح,ح بانک شهر
46982154647719707,وصنا,گروه‌صنایع‌بهشهرایران‌
37204371816016200,وصندوق,سرمایه‌گذاری‌صندوق‌بازنشستگی‌
39419948282087552,وصندوقح,ح.سرمایه گذاری صندوق بازنشستگی
57309221039930244,وصنعت,سرمایه گذاری توسعه صنعت وتجارت
3955332316338258,وطوبی,سرمایه گذاری اقتصاد شهر طوبی
26014913469567886,وغدیر,سرمایه‌گذاری‌غدیر(هلدینگ‌
27148572013604038,وفتخار,سرمایه گذاری افتخار سهام
56480311926779560,وفتخارح,ح . سرمایه گذاری افتخار سهام
36235343945196457,وفردا,بیمه هوشمند فردا 50% تادیه
68261410734526618,ولاعتماد,واسپاری عصراعتماد
66830065858417081,ولانا,شرکت لیزینگ آریا دانا
48287670503317419,ولبهمن,شرکت بهمن لیزینگ
32575690244214247,ولبهمنح,ح.شرکت بهمن لیزینگ
50011948410571353,ولتجار,واسپاری تجارایرانیان
27971147929780521,ولتجارح,ح.واسپا تجارت وسرمایه ایرانیان
12901875871456398,ولراز,لیزینگ رازی
69375777591993444,ولرازح,ح . لیزینگ رازی
45174198424472334,ولساپا,لیزینگ رایان‌ سایپا
31078457170311964,ولشرق,لیزینگ ایران و شرق
3164894984700505,ولشرقح,ح . لیزینگ ایران و شرق
71744682148776880,ولصنم,لیزینگ‌صنعت‌ومعدن‌
23086515493897579,ولغدر,لیزینگ‌خودروغدیر
31959715133485440,ولقمان,گروه سرمایه گذاری لقمان
14061767679814842,ولقمانح,ح . سرمایه گذاری لقمان
11403770140000603,ولملت,واسپاری ملت
4039883656662701,ولملتح,ح . واسپاری ملت
48241092863917835,ولپارس,لیزینگ پارسیان
61469668095573716,ولکار,لیزینگ کارآفرین
47361534526555762,ولکارح,ح . لیزینگ کارآفرین
56802926348928053,ولیز,لیزینگ ایران
34731841379388186,ولیزح,ح . لیزینگ‌ایران‌
30447901674051381,ومدیر,گ.مدیریت ارزش سرمایه ص ب کشوری
35369183060321179,ومشان,س. فنی و مهندسی مشانیر
68266659840435168,ومشانح,ح . س. فنی و مهندسی مشانیر
58931793851445922,ومعادن,توسعه‌معادن‌وفلزات‌
66240430785255272,ومعادنح,ح . توسعه‌معادن‌وفلزات‌
6847536925606808,ومعلم,بیمه معلم
39138625716435390,ومعلمح,ح . بیمه معلم
10055255678920880,وملت,سرمایه گذاری ملت
24644999329120295,وملل,اعتباری ملل
15231094335720879,ومللح,ح . اعتباری ملل
41796741644273824,وملی,گروه‌ صنعتی‌ ملی‌ (هلدینگ‌
47026464823464687,ومهان,گروه توسعه مالی مهرآیندگان
33931218652865616,ونفت,سرمایه‌گذاری‌ صنعت‌ نفت‌
47302318535715632,ونوین,بانک‌اقتصادنوین‌
57585821705408565,ونچر,ص.ج.فیروزه
62603302940123327,ونیرو,سرمایه‌گذاری‌نیرو
25336820825905643,ونیکی,سرمایه‌گذاری‌ ملی‌ایران‌
26090464295830176,ونیکیح,ح . سرمایه‌گذاری‌ ملی‌ایران‌
19348717261145458,وهامون,سرمایه گذاری هامون صبا
17318451171925318,وهامونح,ح . سرمایه گذاری هامون صبا
60783654574662426,وهنر,گروه توسعه هنر ایران
25215182208950217,وهور,مدیریت انرژی امید  تابان هور
56366970483082503,وهورح,ح .مدیریت انرژی امید تابان هور
33293588228706998,وپارس,بانک‌پارسیان‌
9536587154100457,وپاسار,بانک  پاسارگاد
53374821490063799,وپاسارح,ح.بانک پاسارگاد
59486059679335017,وپترو,سرمایه‌گذاری صنایع پتروشیمی‌
7183333492448248,وپخش,داروپخش‌ (هلدینگ‌
67979306676078989,وپخشح,ح . داروپخش‌ (هلدینگ‌
11560002870991149,وپسا,س. پتروشیمی ساختمان  خلیج فارس
22087269603540841,وپست,پست بانک ایران
24295112928189202,وپستح,ح.پست بانک ایران
24785665268004766,وپویا,سرمایه گذاری پویا
24864955678633428,وپویاح,ح. سرمایه گذاری پویا
56717416662584054,وکادو,تکادو
60276690980289841,وکادوح,ح. تکادو
47996917271187218,وکار,بانک‌ کارآفرین‌
56772105873719945,وکارح,ح . بانک‌ کارآفرین‌
64973252728260903,وکبهمن,مدیریت سرمایه گذاری کوثربهمن
40553302624764543,وکغدیر,بین المللی توسعه ص. معادن غدیر
66790687790437196,وگردش,بانک گردشگری
54006091670365118,وگردشح,ح . بانک گردشگری
43951910415124966,وگستر,گسترش سرمایه گذاری ایرانیان
39722227263011028,وگسترح,ح. گسترش سرمایه گذاری ایرانیان
69472361926040823,ویسا,سرمایه گذاری ایساتیس پویا
58852293795036597,ویستا,صندوق س. ویستا -س
18919451747622263,ویسرو,ص.ج.سرو رشد پایداریکم 80%تادیه
67522512921942106,پادا,صندوق س.پاداش سرمایه پارس-س
43267179898797137,پاداش,صندوق س. ارزش پاداش-د
72044846109864381,پارتا,مجتمع صنعتی آرتاویل تایر
15090491830692116,پارتین,ص.ج.پارتیان
6110133418282108,پارس,پتروشیمی پارس
23441366113375722,پارسان,گسترش نفت و گاز پارسیان
9481703061634967,پارسیان,بیمه پارسیان
70595828753641750,پارند,صندوق س. پارند پایدار سپهر
63580313877463104,پاسا,ایران‌یاساتایرورابر
67675656072510693,پالایش,صندوق پالایشی یکم-سهام
62786156501584862,پاکشو,گروه صنعتی پاکشو
55070742656326885,پایا,صندوق س.پایا ثروت پویا-د
58722731270352481,پایش,ص.س. درآمد ثابت پایش-د
41935584690956944,پتایر,ایران‌ تایر
18757639286384873,پتروآبان,صندوق س. بخشی پتروآبان-ب
37828981835497620,پتروآگاه,صندوق س صنایع آگاه1-بخشی
2019449432639594,پتروداریوش,صندوق س. بخشی پترو داریوش-ب
30762816122316539,پتروصبا,صندوق س پترو اندیشه صبا-بخشی
41549354947422432,پتروفارس,صندوق س.بخشی خبره خلیج فارس-ب
69143674941561637,پترول,گ.س.وت.ص.پتروشیمی خلیج فارس
32874370564962210,پترولح,ح . گروه پتروشیمی س. ایرانیان
7670135462634715,پتروما,صندوق س.بخشی پتروشیمی دماوند-ب
10712607014123911,پتروپاداش,صندوق س.بخشی صنایع پاداش-ب
12638840758449459,پخش,پخش البرز
71429146297698274,پخشح,ح. پخش البرز
24079409192818584,پدرخش,درخشان‌ تهران‌
48818952524587858,پرتو,صندوق س. پرتو پایش پیشرو-س
59607545337891226,پرداخت,به پرداخت ملت
15039949673085566,پردیس,سرمایه گذاری پردیس
14819787164502995,پردیسح,ح .  سرمایه گذاری پردیس
55289848471625247,پرسپولیس,پرسپولیس
10120557300120078,پسهند,صنایع‌ لاستیکی‌  سهند
44052047028305231,پشاهن,تولیدی پلاستیک‌ شاهین
52593789542874668,پلاست,کارخانجات تولیدی پلاستیران
18850167694315175,پلاستح,ح.کارخانجات تولیدی پلاستیران
57722642338781674,پلاسک,پلاسکوکار
29316948750916349,پلوله,گازلوله‌
48970598895465763,پویا,ص.ج.پویا الگوریتم70%تادیه
23214828924506640,پکرمان,گروه‌ صنعتی‌ بارز
7235435095059069,پکویر,کویر تایر
41228676018429540,پکویرح,ح. کویر تایر
26316376625263940,پی پاد,پرداخت الکترونیک پاسارگاد
41746336706469006,پیروز,صندوق س.سهامی امین نهایت نگر-س
32784604551756178,پیزد,مجتمع صنایع لاستیک یزد
28749125862783655,پیشرفت,ص.ج.پیشرفت30%تادیه
2696258159590598,پیشگام,ص.ج.رشد یکم پیشگام 80%تادیه
23936607891892333,چافست,افست‌
41122066907413786,چخزر,صنایع چوب خزر کاسپین
12329519546621752,چدن,تولیدی چدن سازان
64358061873294912,چفیبر,فیبر ایران‌
43023243844297350,چنوپا,نیوپان‌ 22 بهمن‌
66252526996639483,چنوپاح,ح . نیوپان‌ 22 بهمن‌
53113471126689455,چکارن,کارتن‌ ایران‌
24254843881948059,چکاوه,صنایع‌کاغذسازی‌کاوه‌
5648656842888275,چکاوهح,ح . صنایع‌کاغذسازی‌کاوه‌
28957320033282870,چکاپا,گروه صنایع کاغذ پارس
10654052153538617,کابگن,تولیدی و صنعتی آبگینه‌
42670427020727409,کاج,صندوق س. نوع دوم نو ویرا -د
49353447565507376,کاذر,فرآورده‌های‌نسوزآذر
25896842749407120,کاذرح,ح . فرآورده‌های‌نسوزآذر
71843282162462661,کارا,صندوق س. کارا -د
69904617508102874,کارام,صنایع سرام آرا
35346078651339725,کارامح,ح . صنایع سرام آرا
65023851436340574,کاردان,صندوق س تجارت شاخصی کاردان
33015297618582406,کارما,صندوق س.درآمد ثابت کیهان-د
15962072736526551,کاریز,بیمه زندگی کاریزما50%تادیه
69067576215760005,کاریس,صندوق س.سپند کاریزما-س
16056283141617755,کارین,صندوق س نگین سامان-ثابت
16777570760181431,کازرو,پتروشیمی کازرون
28431095903407567,کاسپین,داروسازی کاسپین تامین
7268401059874834,کاسپینح,ح .داروسازی کاسپین تامین
44549439964296944,کالا,بورس کالای ایران
4942127026063388,کاما,باما
16040900750729921,کامیاب,صندوق س. کامیاب آشنا-د
60350996279289099,کاوه,فولاد کاوه جنوب کیش
45608932669358493,کایتا,ایتالران‌
58810336532668771,کایزد,فرانسوز یزد
55979741213594029,کباده,تولید خاک نسوزاستقلال آباده
43256212620530446,کبافق,معادن‌ بافق‌
37366608481858080,کبورس,کارگزاران بورس اوراق بهادار
24085906177899789,کترام,تولیدی‌ کاشی‌ تکسرام‌
23374429962331387,کتوسعه,توسعه صنایع و معادن کوثر
65671173927025645,کتوکا,تولیدی و خدمات صنایع نسوز توکا
6700951770411072,کتوکاح,ح.تولیدی وخدمات صنایع نسوزتوکا
32257753560585502,کحافظ,کاشی‌ وسرامیک‌ حافظ‌
29075808594290931,کحافظح,ح . کاشی‌ وسرامیک‌ حافظ‌
16405556680571453,کخاک,صنایع‌خاک‌چینی‌ایران‌
56572417882819500,کخاکح,ح . صنایع‌خاک‌چینی‌ایران‌
3623921205367364,کدما,معدنی‌ دماوند
57086055330734195,کرازی,کارخانجات‌تولیدی‌شیشه‌رازی‌
38437201078089290,کرماشا,صنایع پتروشیمی کرمانشاه
50792786683910016,کرمان,س. توسعه و عمران استان کرمان
49632601495766480,کرومیت,توسعه معادن کرومیت کاوندگان
22787503301679573,کروی,توسعه‌ معادن‌ روی‌ ایران‌
28291104595448527,کزغال,زغال سنگ پروده طبس
15673952022915263,کزغالح,ح.زغال سنگ پروده طبس
25001509088465005,کساوه,صنایع‌ کاشی‌ و سرامیک‌ سینا
28325731560106431,کساپا,سایپاشیشه‌
25879082553156895,کساپاح,ح . سایپاشیشه‌
4614779520007780,کسرا,سرامیک‌های‌صنعتی‌اردکان‌
20560887114747719,کسرام,پارس‌ سرام‌
29122854902865456,کسعدی,کاشی‌ سعدی‌
1314853494617240,کسعدیح,ح . کاشی‌ سعدی‌
42690477960659940,کشرق,صنعتی و معدنی شمال شرق شاهرود
42696242981550091,کصدف,کاشی صدف سرام استقلال آباده
63935385130969014,کصدفح,ح .کاشی صدف سرام استقلال آباده
8977369674477111,کطبس,ذغال‌سنگ‌ نگین‌ ط‌بس‌
10168197471714005,کطبسح,ح . ذغال‌سنگ‌ نگین‌ ط‌بس‌
49627523909849331,کفرآور,فرآورده های سیمان شرق
23837844039713715,کفرا,فراورده‌ های‌ نسوزایران‌
20622681776256207,کفراح,ح . فراورده‌ های‌ نسوزایران‌
19471788163911687,کفپارس,فرآورده‌های‌ نسوز پارس‌
63499217872110599,کقزوی,شیشه‌ قزوین‌
1822787329898392,کلر,کلر پارس
32678431934327184,کلوند,کاشی‌ الوند
45292762906823004,کلید,صندوق س خانه آگاه-املاک	
67690708346979840,کماسه,تامین‌ ماسه‌ ریخته‌گری‌
58965710006903807,کمان,س.خ.کمان کاریزما 35% تادیه
50633804639547462,کمرجان,بازرگانی و تولیدی مرجان کار
39683880301779506,کمرجانح,ح.بازرگانی و تولیدی مرجان کار
34718633636164421,کمند,صندوق س. با درآمد ثابت کمند
50341528161302545,کمنگنز,معادن‌منگنزایران‌
66630516232885208,کمنگنزح,ح . معادن‌منگنزایران‌
54263829393913132,کمینا,شیشه سازی مینا
68890878790107680,کمیناح,ح . شیشه سازی مینا
20411759370751096,کنور,توسعه معدنی و صنعتی صبانور
43501047082635150,کنورح,ح توسعه معدنی و صنعتی صبانور
25631699615003698,کهرام,تولیدی گرانیت بهسرام
25559236668122210,کهربا,صندوق س.پشتوانه سکه طلا کهربا
67206358287598044,کهمدا,شیشه‌ همدان‌
35955196754615835,کهمداح,ح . شیشه‌ همدان‌
22275596386264204,کوثر,بیمه کوثر
12030217243155821,کوثرح,ح . بیمه کوثر
42049553761321495,کورز,ورزیران‌
43545527030854340,کویر,تولیدی فولاد سپید فراب کویر
9698674686691945,کپارس,کاشی‌ پارس‌
22941065011246116,کپرور,فرآوری زغال سنگ پروده طبس
57639364758870873,کپشیر,پشم‌شیشه‌ایران‌
5920319552619760,کپشیرح,ح . پشم‌شیشه‌ایران‌
18027801615184692,کچاد,معدنی‌وصنعتی‌چادرملو
43356599956782034,کچادح,ح . معدنی‌وصنعتی‌چادرملو
62346804681275278,کگاز,شیشه‌ و گاز
35700344742885862,کگل,معدنی و صنعتی گل گهر
62810990108260391,کگلح,ح . معدنی و صنعتی گل گهر
30703140537034664,کگهر,سنگ آهن گهرزمین
61992978919342064,کگهرح,ح . سنگ آهن گهرزمین
62977319271289925,کی بی سی,شرکت کی بی سی
63349738932971032,کی بی سیح,ح. شرکت کی بی سی
3542690854557886,کیا,کیا الکترود شرق
44988096699281136,کیاح,ح. کیا الکترود شرق
53251602435454519,کیان,صندوق س. با درآمد ثابت کیان
49953653111442595,کیسون,شرکت کیسون
14427168056799610,کیمیا,ص. معدنی کیمیای زنجان گستران
39884565732277052,کیمیاتک,آریان کیمیا تک
971068957336171,گارانتی,صندوق تضمین ا.س. گیتی دماوند-م
10114441830266109,گدنا,تهیه توزیع غذای دنا آفرین فدک
70391097626818082,گشان,توسعه بین المللی پدیده شاندیز
54715710303837090,گلدیرا,صنایع گلدیران
51405221143882222,گلدیراح,ح . صنایع گلدیران
58514988269776425,گنج,صندوق س. طلا کیمیا زرین کاردان
57728534324022361,گنجین,صندوق س. گنجینه یکم آوید-د
47101579271117172,گنجینه,صندوق س. گنجینه داریوش-د
59470107928175959,گنگین,اقتصادی نگین گردشگری ایرانیان
16559249748626171,گواهی ظرفیت,گواهی ظرفیت نقدی
12390706505809150,گوهر,صندوق سکه طلای کیان
65018804181564924,گوهران,سرمایه گذاری توسعه گوهران امید
51244286061307960,گوهرانح,ح . س. توسعه گوهران امید
59848307608894801,گپارس,امور رفاهی کارگزاران پارس
66599109405217136,گکوثر,هتل پارسیان کوثر اصفهان
44665761767777759,گکیش,توریستی ورفاهی آبادگران کیش
29628038996571162,گکیشح,ح.توریستی ورفاهی آبادگران کیش
45284811973404357,یارا,صندوق س. آریا-د
1438514795814416,یاقوت,صندوق س یاقوت آگاه-ثابت
